latitude,longitude,Lead_Pb,Cadmium_Cd,Zinc_Zn,Copper_Cu,pH,Risk_Level
35.796,10.709,44,4,353,12,6.5,Moderate
35.727,10.721,133,4,89,91,4.2,High
35.774,10.748,157,5,369,85,5.6,High
35.735,10.781,116,1,337,36,4.2,Moderate
35.722,10.822,108,1,368,32,7.9,Moderate
35.719,10.852,41,1,206,83,8.4,Low
35.766,10.802,140,3,138,93,8.5,High
35.701,10.851,134,4,282,106,6.9,High
35.701,10.704,113,4,80,67,7.5,Moderate
35.726,10.81,113,1,46,101,6.7,Moderate
35.77,10.716,61,5,48,61,5.7,High
35.725,10.754,140,4,122,73,7.6,High
35.764,10.72,122,2,234,117,7.6,High
35.784,10.816,126,4,268,117,8.7,High
35.729,10.855,149,1,358,91,6.6,High
35.74,10.752,114,1,36,10,4.9,Moderate
35.704,10.772,48,1,287,51,7,Low
35.758,10.755,90,2,238,72,6,Moderate
35.708,10.764,73,2,378,119,5.9,Moderate
35.772,10.808,129,5,263,66,8,High
35.753,10.872,151,4,350,100,6.1,High
35.741,10.729,131,4,90,32,7.2,High
35.701,10.898,60,1,209,61,4,Low
35.791,10.835,71,4,204,48,5.1,Moderate
35.71,10.895,21,2,190,13,4.5,Low
35.779,10.889,114,3,84,52,7.9,Moderate
35.74,10.898,66,1,222,115,4.2,Low
35.766,10.803,84,3,205,29,5.6,Moderate
35.796,10.858,153,4,369,81,6.4,High
35.742,10.886,57,5,379,88,8.2,High
35.766,10.83,51,4,146,90,7.9,Moderate
35.713,10.801,158,2,352,28,8.6,High
35.748,10.748,75,4,342,113,4,Moderate
35.733,10.876,136,4,161,84,8.6,High
35.791,10.707,155,4,195,101,4.7,High
35.708,10.776,80,5,98,94,8.9,High
35.758,10.838,156,5,290,14,6.2,High
35.749,10.758,90,1,381,20,4.7,Moderate
35.763,10.844,134,4,150,100,4.4,High
35.73,10.703,110,2,192,32,5,Moderate
35.726,10.867,86,4,177,64,7.5,Moderate
35.781,10.704,137,5,82,21,8.7,High
35.72,10.887,123,5,289,75,6.5,High
35.707,10.805,153,3,313,72,5.3,High
35.754,10.787,102,4,302,19,4.9,Moderate
35.733,10.801,23,5,161,114,5.9,High
35.748,10.877,150,3,139,35,7.1,High
35.797,10.789,90,3,254,75,7.8,Moderate
35.76,10.744,40,1,183,46,6.4,Low
35.728,10.856,45,4,391,35,8.3,Moderate
35.798,10.834,44,4,371,60,5.9,Moderate
35.797,10.828,156,3,253,44,8.8,High
35.717,10.718,158,4,223,82,8.6,High
35.734,10.769,25,3,58,109,6.6,Moderate
35.779,10.808,80,2,196,116,8.8,Moderate
35.759,10.733,139,1,197,12,4.5,High
35.745,10.83,142,5,203,83,8.5,High
35.726,10.713,116,5,33,62,5.8,High
35.703,10.755,50,4,329,105,6.6,Moderate
35.789,10.828,132,5,397,24,6.6,High
35.771,10.733,94,5,378,97,8.8,High
35.795,10.826,51,5,389,38,8,High
35.762,10.711,54,2,109,46,8.2,Low
35.741,10.767,45,5,230,12,7,High
35.784,10.716,50,2,201,89,8,Low
35.781,10.875,43,1,370,88,5.4,Low
35.713,10.875,21,4,135,53,4.2,Moderate
35.71,10.887,15,2,116,86,6,Low
35.737,10.775,93,1,129,105,8.2,Moderate
35.771,10.704,116,3,352,22,7.7,Moderate
35.739,10.822,119,2,177,107,5,Moderate
35.766,10.793,22,3,147,115,7.2,Moderate
35.745,10.72,84,4,331,102,8.8,Moderate
35.724,10.84,83,3,261,105,5,Moderate
35.784,10.876,106,1,347,73,4.1,Moderate
35.758,10.817,98,3,223,25,5.7,Moderate
35.761,10.853,153,3,125,33,8.6,High
35.752,10.801,40,2,31,24,5.3,Low
35.746,10.828,35,3,138,108,6.3,Moderate
35.71,10.856,50,2,135,87,5.4,Low
35.716,10.735,116,2,50,43,4.7,Moderate
35.776,10.732,98,5,224,29,5.1,High
35.764,10.773,108,3,260,28,8.3,Moderate
35.747,10.785,90,2,65,14,8.3,Moderate
35.785,10.869,36,4,342,95,4.5,Moderate
35.717,10.833,108,2,160,38,4,Moderate
35.759,10.756,86,2,310,10,6.5,Moderate
35.774,10.71,68,3,108,106,5.5,Moderate
35.771,10.767,18,1,257,55,7.7,Low
35.764,10.811,85,4,123,93,8.9,Moderate
35.761,10.788,86,3,271,32,5,Moderate
35.799,10.877,54,5,305,66,7.7,High
35.799,10.869,82,1,245,89,6.4,Moderate
35.734,10.717,48,5,265,77,5.6,High
35.778,10.875,16,2,336,73,4.2,Low
35.792,10.767,54,3,210,113,5.4,Moderate
35.773,10.767,138,3,36,104,5.5,High
35.74,10.835,91,1,168,94,5.1,Moderate
35.738,10.72,98,2,366,118,5,Moderate
35.71,10.777,145,2,90,39,6.1,High
35.711,10.706,110,3,216,82,6.6,Moderate
35.705,10.827,57,4,346,42,6.1,Moderate
35.761,10.876,34,5,112,13,8.8,High
35.704,10.741,17,1,328,88,4.9,Low
35.729,10.768,149,4,43,14,5.2,High
35.787,10.852,94,1,315,68,8.3,Moderate
35.799,10.764,48,1,253,32,7.2,Low
35.767,10.753,11,2,344,100,4,Low
35.726,10.731,74,2,294,45,5.4,Moderate
35.795,10.714,19,4,240,41,8.1,Moderate
35.743,10.898,103,4,383,93,7.8,Moderate
35.742,10.792,107,2,213,10,7.1,Moderate
35.797,10.749,47,5,315,93,6,High
35.705,10.856,111,2,352,30,4.8,Moderate
35.786,10.702,53,4,222,104,4.4,Moderate
35.736,10.737,90,3,340,85,7.8,Moderate
35.716,10.793,61,5,170,74,4.5,High
35.789,10.839,93,1,368,75,7.1,Moderate
35.792,10.808,158,1,149,90,5.2,High
35.767,10.757,53,3,58,53,7.5,Moderate
35.714,10.881,131,4,285,114,5.7,High
35.768,10.867,112,5,390,114,6.3,High
35.705,10.831,64,1,325,103,7.5,Low
35.719,10.806,132,4,176,33,5.8,High
35.767,10.73,128,4,140,76,7,High
35.708,10.748,42,5,397,100,5,High
35.731,10.868,129,2,203,115,8.9,High
35.762,10.777,77,5,167,113,5.8,High
35.777,10.77,60,2,192,101,5.3,Low
35.791,10.759,143,1,236,76,5.3,High
35.702,10.819,108,1,176,113,8.9,Moderate
35.756,10.701,19,1,102,40,7.8,Low
35.778,10.707,128,1,309,15,4,High
35.746,10.895,79,4,354,78,6.4,Moderate
35.77,10.761,91,4,382,99,6.4,Moderate
35.775,10.833,15,3,54,106,6.7,Moderate
35.701,10.879,107,1,114,50,6,Moderate
35.762,10.849,134,3,239,84,7,High
35.797,10.837,112,5,165,26,7,High
35.786,10.812,112,4,57,98,8.1,Moderate
35.767,10.753,57,5,307,96,8.9,High
35.783,10.802,50,1,328,71,7.4,Low
35.792,10.81,71,3,377,55,6.1,Moderate
35.7,10.87,66,1,226,118,6.4,Low
35.757,10.818,101,1,208,119,8.5,Moderate
35.782,10.85,38,3,394,51,6.7,Moderate
35.778,10.869,40,1,32,105,6.5,Low
35.799,10.775,14,3,141,119,4.1,Moderate
35.763,10.819,88,4,109,103,4.5,Moderate
35.775,10.878,137,2,296,46,8.3,High
35.745,10.821,65,1,399,60,4.2,Low
35.776,10.85,71,5,254,48,5.7,High
35.768,10.847,54,4,287,66,7.6,Moderate
35.793,10.775,112,2,216,98,4,Moderate
35.709,10.779,29,5,60,50,6.6,High
35.792,10.795,67,4,181,48,5.3,Moderate
35.727,10.788,39,3,169,111,8.5,Moderate
35.719,10.747,141,1,44,28,8.2,High
35.717,10.859,11,3,376,15,4.5,Moderate
35.749,10.759,10,4,200,66,4.1,Moderate
35.745,10.78,135,1,257,70,5.4,High
35.703,10.812,117,2,264,99,6.3,Moderate
35.793,10.802,44,4,46,50,5.4,Moderate
35.798,10.833,33,1,152,27,6.3,Low
35.73,10.723,10,1,395,27,5.4,Low
35.721,10.832,65,2,34,52,7.9,Low
35.778,10.712,135,2,345,74,8,High
35.775,10.835,56,3,379,67,6.6,Moderate
35.722,10.796,133,1,255,37,6.9,High
35.792,10.734,149,3,307,111,7.9,High
35.747,10.823,130,4,121,39,6.6,High
35.738,10.825,69,5,166,24,6.3,High
35.71,10.778,34,1,74,65,8.4,Low
35.74,10.736,91,1,288,15,8.6,Moderate
35.741,10.864,13,3,356,110,8.7,Moderate
35.7,10.82,22,5,301,84,7.6,High
35.798,10.851,21,1,333,34,7.8,Low
35.796,10.701,44,3,42,68,4.2,Moderate
35.776,10.8,100,4,321,36,5.2,Moderate
35.755,10.814,44,4,332,52,6.3,Moderate
35.781,10.779,108,2,115,35,6.1,Moderate
35.733,10.869,100,3,200,20,6.2,Moderate
35.748,10.858,11,2,194,111,5,Low
35.724,10.814,67,5,314,83,6.9,High
35.717,10.774,127,5,124,80,6.1,High
35.768,10.862,136,5,254,111,4,High
35.766,10.739,75,5,191,48,5.8,High
35.789,10.836,59,4,325,21,4.9,Moderate
35.767,10.826,26,1,323,68,4.2,Low
35.748,10.874,84,5,396,58,5.9,High
35.726,10.705,110,3,248,61,8.5,Moderate
35.707,10.705,10,2,325,41,5.2,Low
35.728,10.719,27,2,156,51,6.7,Low
35.736,10.762,52,5,212,43,5.6,High
35.74,10.877,118,3,353,14,6.5,Moderate
35.768,10.894,64,3,346,49,6.9,Moderate
35.759,10.864,152,3,256,25,5.9,High
35.762,10.867,55,1,222,96,7.2,Low
35.713,10.746,82,2,193,106,7.5,Moderate
35.763,10.876,41,1,311,23,8.5,Low
35.788,10.836,118,5,177,117,5.1,High
35.771,10.863,102,4,162,105,7.8,Moderate
35.767,10.85,144,1,286,24,8.2,High
35.712,10.883,53,3,78,75,7.7,Moderate
35.783,10.8,34,3,340,112,4.4,Moderate
35.732,10.725,85,3,287,87,8.7,Moderate
35.716,10.793,54,1,245,20,8.2,Low
35.7,10.785,137,4,110,15,4.1,High
35.741,10.896,12,5,126,78,6.1,High
35.755,10.772,108,2,297,99,6.3,Moderate
35.732,10.759,81,1,192,12,7.6,Moderate
35.703,10.716,125,3,77,28,8.9,High
35.705,10.834,39,1,212,17,8.9,Low
35.774,10.863,42,1,333,102,8.8,Low
35.778,10.767,43,3,398,100,8.9,Moderate
35.783,10.824,159,4,378,73,7.4,High
35.754,10.765,60,3,363,84,7.8,Moderate
35.77,10.849,124,1,197,77,4.3,High
35.737,10.728,15,5,136,100,5.6,High
35.726,10.71,12,3,285,48,6.4,Moderate
35.741,10.777,34,3,96,18,7.3,Moderate
35.787,10.712,57,1,36,61,7.1,Low
35.754,10.803,19,5,276,99,7.1,High
35.764,10.729,144,3,311,70,7.3,High
35.787,10.763,109,4,173,67,4.6,Moderate
35.7,10.705,98,2,289,19,8.9,Moderate
35.723,10.764,47,5,396,43,4.7,High
35.775,10.828,28,2,173,89,7.5,Low
35.776,10.861,51,3,365,72,5.2,Moderate
35.759,10.79,151,4,145,118,7,High
35.722,10.771,65,5,278,42,8.1,High
35.787,10.773,46,5,338,115,5.3,High
35.703,10.721,145,1,289,25,5.3,High
35.732,10.707,63,4,218,103,6.4,Moderate
35.775,10.876,92,4,275,96,5.7,Moderate
35.753,10.762,36,4,220,33,8.1,Moderate
35.714,10.803,56,1,313,68,5.1,Low
35.799,10.81,158,4,82,89,6.1,High
35.756,10.781,138,5,334,118,4.8,High
35.758,10.825,16,1,196,95,7.4,Low
35.788,10.792,16,4,142,40,8.5,Moderate
35.771,10.895,108,1,254,51,7,Moderate
35.755,10.757,123,3,281,100,6.7,High
35.762,10.849,115,1,72,45,7,Moderate
35.768,10.765,40,2,350,104,4.2,Low
35.753,10.704,50,1,297,17,4,Low
35.708,10.807,102,5,392,102,7.8,High
35.766,10.828,140,2,220,111,4.8,High
35.723,10.889,89,5,320,107,6.2,High
35.742,10.742,140,4,49,103,5.1,High
35.776,10.729,86,3,360,95,7.4,Moderate
35.757,10.796,13,2,162,81,4.3,Low
35.743,10.805,124,2,227,31,8.7,High
35.761,10.727,117,3,347,42,5.3,Moderate
35.704,10.754,87,3,163,81,8.1,Moderate
35.73,10.814,103,4,339,99,7.2,Moderate
35.765,10.765,80,4,331,19,4.3,Moderate
35.774,10.802,37,2,208,56,8.7,Low
35.775,10.842,63,3,245,90,5,Moderate
35.784,10.89,159,5,325,23,8.2,High
35.728,10.862,140,5,37,72,8,High
35.715,10.882,156,1,370,93,6.4,High
35.792,10.848,38,5,84,57,7.4,High
35.732,10.814,25,1,246,21,4.9,Low
35.772,10.737,45,1,38,89,4.8,Low
35.763,10.747,137,5,253,114,6.5,High
35.731,10.792,146,2,150,82,5.8,High
35.781,10.772,59,2,195,20,6.8,Low
35.7,10.896,54,2,236,39,5.1,Low
35.717,10.887,143,1,395,40,4.7,High
35.733,10.785,58,5,285,44,6.1,High
35.793,10.866,86,1,228,70,7.7,Moderate
35.795,10.814,119,3,282,30,8.9,Moderate
35.765,10.729,95,2,161,110,7.3,Moderate
35.753,10.846,71,5,307,14,7.7,High
35.725,10.735,122,1,371,82,4.5,High
35.708,10.753,127,2,340,64,5.6,High
35.765,10.75,62,4,317,32,4.1,Moderate
35.745,10.729,153,2,141,78,5.6,High
35.762,10.788,87,5,327,85,5.8,High
35.724,10.851,133,4,181,101,6.4,High
35.713,10.732,142,4,68,44,8.8,High
35.72,10.847,121,4,176,110,6.9,High
35.704,10.84,12,4,324,110,8.3,Moderate
35.797,10.796,63,3,82,117,5,Moderate
35.796,10.857,37,4,258,115,4.2,Moderate
35.736,10.727,58,1,95,111,8.7,Low
35.771,10.746,65,1,145,57,7.5,Low
35.743,10.728,49,5,377,83,8.1,High
35.746,10.732,31,4,169,22,4.1,Moderate
35.774,10.86,114,3,290,25,7.5,Moderate
35.758,10.851,123,2,390,67,7.6,High
35.713,10.796,109,2,133,93,7.9,Moderate
35.72,10.774,22,4,232,40,8.6,Moderate
35.761,10.887,95,2,139,16,7.5,Moderate
35.745,10.72,50,5,156,21,7.5,High
35.7,10.883,59,4,374,59,5.7,Moderate
35.788,10.737,113,3,30,91,6.9,Moderate
35.768,10.806,111,2,139,24,7.6,Moderate
35.771,10.806,124,1,56,94,7.2,High
35.716,10.89,56,3,250,78,7.1,Moderate
35.727,10.879,21,3,277,60,8.6,Moderate
35.795,10.717,142,5,100,119,6.6,High
35.785,10.79,88,2,59,106,7.5,Moderate
35.759,10.755,98,2,386,89,6.4,Moderate
35.788,10.844,57,4,220,32,8.8,Moderate
35.728,10.707,112,2,91,118,8.3,Moderate
35.723,10.749,60,1,340,24,5.1,Low
35.761,10.769,57,5,395,43,8.7,High
35.716,10.809,137,4,279,16,6.4,High
35.787,10.801,148,4,217,28,4.4,High
35.739,10.721,123,4,183,73,6.4,High
35.755,10.836,24,5,399,23,5.6,High
35.78,10.878,68,5,274,64,6,High
35.709,10.716,153,4,117,96,4.3,High
35.785,10.742,94,2,123,64,6.8,Moderate
35.708,10.864,55,3,62,45,8.9,Moderate
35.737,10.785,20,4,322,31,8.9,Moderate
35.711,10.855,143,5,40,17,6.5,High
35.75,10.727,93,1,178,98,4.8,Moderate
35.795,10.839,122,4,134,89,6.6,High
35.76,10.874,57,2,183,114,4.5,Low
35.749,10.751,40,3,329,72,4.8,Moderate
35.745,10.844,117,4,156,10,7.8,Moderate
35.777,10.787,85,5,35,71,5.2,High
35.721,10.763,32,1,204,59,5.5,Low
35.705,10.757,121,5,379,110,4.7,High
35.761,10.832,131,1,229,109,7.6,High
35.719,10.894,131,5,293,46,7.4,High
35.737,10.824,80,3,155,69,6.8,Moderate
35.701,10.72,53,1,56,60,5.2,Low
35.744,10.87,42,2,93,50,4.9,Low
35.791,10.739,143,1,93,68,7.4,High
35.794,10.849,106,5,248,117,7,High
35.763,10.797,11,5,315,95,7.3,High
35.709,10.807,37,1,286,39,7.3,Low
35.788,10.702,60,1,287,79,5.2,Low
35.748,10.894,70,3,368,19,6.5,Moderate
35.749,10.762,58,4,362,84,4.3,Moderate
35.763,10.757,58,1,382,107,5.1,Low
35.717,10.77,48,2,157,24,7,Low
35.781,10.837,55,1,103,102,8.9,Low
35.741,10.73,112,3,312,77,8.1,Moderate
35.721,10.701,152,2,385,44,6.1,High
35.739,10.869,147,3,240,77,6.4,High
35.756,10.748,119,2,369,75,8.3,Moderate
35.711,10.768,121,1,348,99,8.7,High
35.776,10.74,76,5,205,112,4.7,High
35.755,10.753,39,3,315,55,6.9,Moderate
35.768,10.701,141,3,124,40,7.9,High
35.712,10.822,23,2,188,55,6.7,Low
35.724,10.881,155,3,398,53,8,High
35.742,10.858,78,2,390,108,4.1,Moderate
35.702,10.716,56,4,159,35,5.4,Moderate
35.707,10.743,14,5,213,75,8.5,High
35.732,10.793,149,3,176,70,7.1,High
35.752,10.738,144,4,126,20,4.4,High
35.773,10.823,136,5,288,54,4.6,High
35.756,10.882,138,2,256,46,8.2,High
35.732,10.824,133,3,332,73,4.9,High
35.754,10.721,91,3,301,36,5.1,Moderate
35.709,10.818,144,5,354,57,6.5,High
35.797,10.806,153,5,304,35,5.5,High
35.758,10.837,23,2,106,66,5.6,Low
35.709,10.747,106,1,154,81,5.6,Moderate
35.799,10.748,94,2,52,42,8.8,Moderate
35.737,10.798,14,1,66,94,8.2,Low
35.709,10.882,124,5,367,109,4.5,High
35.752,10.776,33,3,53,23,4.1,Moderate
35.717,10.788,69,1,72,46,5.3,Low
35.776,10.806,84,1,182,86,5.9,Moderate
35.748,10.854,51,2,325,18,7.2,Low
35.796,10.803,58,2,192,26,7.5,Low
35.775,10.898,53,2,158,102,7.9,Low
35.772,10.737,146,3,354,117,4.7,High
35.768,10.894,63,4,397,64,4.2,Moderate
35.797,10.718,128,3,98,98,4.5,High
35.787,10.722,156,3,346,85,7.4,High
35.775,10.705,120,4,67,26,8,Moderate
35.796,10.897,158,5,316,50,7.5,High
35.766,10.7,132,4,81,86,8.6,High
35.733,10.734,156,5,360,117,5.9,High
35.701,10.768,127,5,331,33,4.2,High
35.726,10.807,156,1,375,112,4.8,High
35.768,10.863,57,3,212,28,7.5,Moderate
35.798,10.817,98,4,325,24,8.3,Moderate
35.786,10.862,108,5,162,118,4.9,High
35.798,10.889,68,4,52,19,6.5,Moderate
35.75,10.865,108,5,337,35,7.7,High
35.75,10.836,150,5,128,12,4.4,High
35.751,10.888,58,3,381,66,7.9,Moderate
35.771,10.863,63,4,115,63,7.2,Moderate
35.752,10.811,82,4,310,24,7.9,Moderate
35.739,10.839,76,4,199,69,4.8,Moderate
35.722,10.795,134,1,78,21,6.1,High
35.711,10.801,99,3,69,81,7.5,Moderate
35.759,10.895,73,4,77,23,6.8,Moderate
35.796,10.796,23,4,375,95,8.6,Moderate
35.753,10.725,30,3,75,23,4.5,Moderate
35.722,10.881,152,4,112,98,4.3,High
35.797,10.892,148,3,156,87,8.3,High
35.744,10.829,81,1,393,106,5.5,Moderate
35.722,10.872,142,3,96,118,4.9,High
35.77,10.807,12,1,342,70,6.8,Low
35.727,10.77,116,1,146,41,5.6,Moderate
35.759,10.872,61,1,123,52,4.8,Low
35.797,10.85,29,1,335,25,4.9,Low
35.737,10.733,152,5,162,26,8.6,High
35.744,10.8,42,1,54,118,6.4,Low
35.728,10.729,147,2,156,13,7.2,High
35.786,10.709,112,4,260,42,8,Moderate
35.798,10.778,66,1,256,59,7.4,Low
35.73,10.863,135,1,275,103,5.4,High
35.763,10.757,57,4,375,109,6.3,Moderate
35.763,10.847,125,4,68,108,5.5,High
35.749,10.744,54,5,294,15,7,High
35.787,10.76,106,2,56,116,7.4,Moderate
35.781,10.722,36,2,89,70,4.6,Low
35.79,10.892,116,2,103,48,4.9,Moderate
35.769,10.87,108,1,241,14,8.3,Moderate
35.728,10.815,90,5,62,40,5.5,High
35.778,10.884,139,5,381,45,5.6,High
35.756,10.878,56,3,250,99,6.9,Moderate
35.755,10.871,111,1,352,43,7.9,Moderate
35.783,10.706,14,1,182,47,6.2,Low
35.768,10.803,75,3,221,71,5.9,Moderate
35.766,10.799,21,2,246,24,8.3,Low
35.761,10.778,81,4,54,117,6.1,Moderate
35.723,10.855,20,3,353,48,4.2,Moderate
35.723,10.842,110,2,44,110,6.5,Moderate
35.744,10.7,125,4,78,91,5.6,High
35.754,10.715,90,3,120,40,7.1,Moderate
35.738,10.846,30,5,85,44,5.4,High
35.786,10.701,52,5,227,11,4.3,High
35.706,10.749,112,3,106,37,8.5,Moderate
35.769,10.784,93,3,280,69,5.6,Moderate
35.745,10.755,44,5,254,97,5.4,High
35.753,10.858,80,3,110,95,7.6,Moderate
35.709,10.834,82,3,107,58,8.3,Moderate
35.797,10.887,105,5,211,88,8.9,High
35.791,10.723,100,4,235,112,7.3,Moderate
35.78,10.82,65,5,334,11,7.4,High
35.793,10.724,102,3,126,91,7.6,Moderate
35.718,10.898,135,1,195,71,7.2,High
35.762,10.705,110,2,383,28,7.1,Moderate
35.754,10.778,79,3,283,110,7.1,Moderate
35.724,10.889,21,3,384,47,5.4,Moderate
35.75,10.831,23,4,342,82,6.1,Moderate
35.734,10.847,145,4,49,86,6.3,High
35.797,10.795,48,1,259,41,4.6,Low
35.718,10.724,81,5,370,55,8.4,High
35.793,10.886,21,2,298,42,6.5,Low
35.704,10.788,15,5,387,82,6.6,High
35.784,10.759,61,1,168,79,8.2,Low
35.73,10.793,103,5,96,21,5.5,High
35.711,10.762,134,4,289,103,7.6,High
35.766,10.8,154,3,93,18,5.7,High
35.715,10.874,120,4,344,86,6.4,Moderate
35.79,10.751,92,4,145,58,4.2,Moderate
35.755,10.827,104,4,67,39,5.2,Moderate
35.791,10.746,77,1,259,21,8.4,Moderate
35.721,10.824,84,3,305,74,4.4,Moderate
35.792,10.733,132,1,163,100,5.4,High
35.732,10.801,89,3,157,76,6.6,Moderate
35.733,10.757,123,2,190,103,4.5,High
35.718,10.832,113,2,378,91,7.8,Moderate
35.758,10.782,94,5,222,104,7.2,High
35.747,10.818,80,4,167,34,4,Moderate
35.768,10.821,40,2,269,12,7.1,Low
35.739,10.886,91,1,202,97,7.6,Moderate
35.721,10.708,151,3,113,39,6.2,High
35.794,10.768,69,4,261,62,4.6,Moderate
35.705,10.72,19,4,48,117,8.1,Moderate
35.745,10.846,58,5,132,12,5,High
35.767,10.782,94,2,350,52,5.7,Moderate
35.775,10.866,102,1,118,44,4.9,Moderate
35.786,10.877,59,1,273,53,4.7,Low
35.764,10.808,152,5,244,11,5.3,High
35.732,10.82,90,3,273,70,4.9,Moderate
35.755,10.832,44,5,174,90,7.9,High
35.715,10.876,48,2,355,27,4.4,Low
35.764,10.783,60,4,280,41,8.9,Moderate
35.706,10.807,72,3,188,30,7.6,Moderate
35.77,10.73,140,5,200,82,5.6,High
35.726,10.835,130,5,286,52,6.9,High
35.795,10.845,122,2,213,95,4,High
35.741,10.851,30,3,81,76,6.2,Moderate
35.773,10.753,97,1,74,43,4,Moderate
35.731,10.816,68,3,257,107,5,Moderate
35.756,10.762,37,2,202,69,7.4,Low
35.726,10.894,48,1,320,101,4.5,Low
35.782,10.791,132,2,107,91,6.4,High
35.714,10.833,63,4,275,93,7.5,Moderate
35.74,10.733,126,2,141,27,6.5,High
35.797,10.755,58,5,238,62,8.6,High
35.793,10.789,23,1,207,15,5.1,Low
35.713,10.843,150,4,109,86,6,High
35.785,10.832,112,2,280,85,4.9,Moderate
35.702,10.758,135,4,57,85,7.7,High
35.726,10.722,150,2,69,71,6.5,High
35.755,10.853,51,5,144,102,5,High
35.731,10.815,87,4,163,28,4,Moderate
35.751,10.8,61,1,199,22,8.6,Low
35.704,10.734,133,1,310,19,7.3,High
35.779,10.702,144,1,300,118,5.7,High
35.74,10.783,24,1,49,117,6.2,Low
35.792,10.825,15,2,94,14,7.4,Low
35.742,10.765,93,3,161,82,7.6,Moderate
35.714,10.742,131,4,365,58,6.3,High
35.757,10.837,17,5,83,118,7.8,High
35.756,10.749,127,2,244,91,5.6,High
35.74,10.768,16,4,179,71,5,Moderate
35.762,10.875,147,2,380,71,8.2,High
35.725,10.808,90,2,123,61,8.3,Moderate
35.726,10.829,77,2,168,47,4.8,Moderate
35.729,10.852,120,1,47,103,6.8,Moderate
35.713,10.775,125,5,381,86,6.1,High
35.711,10.779,46,2,58,15,5.2,Low
35.719,10.728,142,4,396,37,5.3,High
35.752,10.736,86,2,270,116,6.4,Moderate
35.741,10.728,36,2,63,85,7.4,Low
35.708,10.796,100,5,289,53,6.8,High
35.705,10.742,84,3,47,66,5.3,Moderate
35.746,10.828,153,2,276,24,5.1,High
35.789,10.742,34,1,242,113,8.8,Low
35.746,10.845,136,5,221,100,4.8,High
35.711,10.769,71,3,348,91,5.4,Moderate
35.768,10.805,114,2,104,14,8,Moderate
35.72,10.89,127,3,315,91,6.8,High
35.794,10.77,94,1,104,13,8.5,Moderate
35.718,10.858,63,3,64,20,7.3,Moderate
35.733,10.879,95,3,323,116,4.5,Moderate
35.78,10.714,80,3,336,20,8.6,Moderate
35.71,10.839,70,1,169,60,4.7,Low
35.77,10.845,16,4,258,63,6.1,Moderate
35.769,10.838,140,5,262,46,6.7,High
35.78,10.86,27,3,182,40,7.9,Moderate
35.716,10.792,145,3,392,41,8.1,High
35.702,10.88,101,3,286,18,4.9,Moderate
35.721,10.753,130,3,364,35,6.1,High
35.759,10.726,71,2,111,12,5.7,Moderate
35.751,10.712,142,5,164,113,6.9,High
35.771,10.723,96,1,339,68,7.1,Moderate
35.726,10.799,30,2,33,109,7.8,Low
35.706,10.782,93,5,276,19,8.9,High
35.728,10.869,34,4,376,21,4.8,Moderate
35.787,10.766,34,3,137,103,6.7,Moderate
35.732,10.734,71,1,215,15,7.8,Moderate
35.716,10.705,44,3,355,101,7.9,Moderate
35.728,10.733,47,1,142,44,5.2,Low
35.751,10.832,103,5,309,103,6.7,High
35.748,10.71,112,3,83,113,7.1,Moderate
35.741,10.826,21,3,91,12,8.3,Moderate
35.783,10.826,128,4,188,15,6.2,High
35.734,10.818,77,2,172,73,4.9,Moderate
35.756,10.887,91,2,98,113,4.8,Moderate
35.781,10.859,101,2,315,54,8.3,Moderate
35.714,10.782,50,2,108,100,7.7,Low
35.705,10.86,51,4,249,77,7.9,Moderate
35.785,10.729,146,5,387,87,8.9,High
35.746,10.783,33,2,258,62,6.3,Low
35.737,10.774,123,3,394,82,4.7,High
35.771,10.813,159,2,319,53,8.1,High
35.746,10.876,134,3,331,86,5.3,High
35.764,10.882,87,3,314,78,4.5,Moderate
35.791,10.821,93,5,182,40,5.4,High
35.736,10.774,77,4,303,17,5.9,Moderate
35.755,10.739,25,5,330,62,4.1,High
35.705,10.881,71,2,323,29,6.7,Moderate
35.708,10.853,49,1,366,105,6.1,Low
35.742,10.81,133,4,101,102,4.7,High
35.737,10.814,82,2,125,95,5.2,Moderate
35.787,10.874,73,1,386,73,8.2,Moderate
35.767,10.729,141,1,94,78,7.1,High
35.774,10.872,101,3,300,116,5.3,Moderate
35.737,10.756,108,1,301,110,6.3,Moderate
35.749,10.884,43,2,224,106,7.6,Low
35.751,10.759,44,5,67,54,8.7,High
35.75,10.785,131,5,65,50,7.1,High
35.704,10.897,87,4,116,80,8.6,Moderate
35.747,10.868,79,1,274,14,4.7,Moderate
35.733,10.842,14,5,377,25,8.1,High
35.728,10.798,151,2,43,32,4.8,High
35.728,10.854,87,5,76,94,6.9,High
35.749,10.811,135,3,394,29,4.1,High
35.729,10.891,65,3,382,79,4.2,Moderate
35.706,10.78,41,4,157,88,7.6,Moderate
35.759,10.755,14,2,352,72,4.5,Low
35.76,10.725,77,2,265,64,8.3,Moderate
35.778,10.812,131,1,175,64,7.8,High
35.777,10.8,111,3,391,63,7,Moderate
35.733,10.841,10,3,315,41,8.1,Moderate
35.787,10.762,20,3,175,30,7.9,Moderate
35.775,10.819,81,4,361,114,5.7,Moderate
35.746,10.806,129,2,160,61,5.5,High
35.726,10.77,36,4,113,111,8.4,Moderate
35.797,10.707,52,4,92,33,5.7,Moderate
35.784,10.78,148,5,309,119,6,High
35.708,10.893,98,4,399,36,6.6,Moderate
35.782,10.717,109,2,338,58,5,Moderate
35.787,10.867,51,2,372,118,4.4,Low
35.732,10.873,11,3,310,53,7.8,Moderate
35.788,10.772,81,2,151,25,7.7,Moderate
35.731,10.797,110,1,375,17,5.2,Moderate
35.763,10.766,88,2,276,38,4,Moderate
35.757,10.888,46,1,353,61,6.9,Low
35.765,10.757,32,3,354,52,6.5,Moderate
35.796,10.78,151,3,368,40,6,High
35.707,10.888,59,3,398,61,6.2,Moderate
35.711,10.831,157,1,288,103,5.9,High
35.746,10.714,133,3,41,100,6.2,High
35.784,10.867,81,3,245,19,7.6,Moderate
35.724,10.73,66,1,228,20,5.1,Low
35.768,10.839,57,4,279,53,7.3,Moderate
35.75,10.849,71,1,397,68,4.2,Moderate
35.711,10.892,92,5,327,87,6.1,High
35.724,10.723,135,2,375,53,6,High
35.73,10.842,102,2,155,30,5,Moderate
35.744,10.706,123,5,45,89,6.3,High
35.741,10.792,60,5,68,17,5.1,High
35.737,10.874,62,1,120,52,5.1,Low
35.746,10.893,159,2,90,99,7.7,High
35.717,10.856,109,1,197,24,4.2,Moderate
35.766,10.88,151,2,227,43,7.1,High
35.753,10.889,21,5,70,23,7.3,High
35.706,10.873,19,4,396,17,8.3,Moderate
35.765,10.703,124,4,224,23,6.1,High
35.719,10.718,40,1,198,26,6.3,Low
35.775,10.751,118,3,296,98,8.8,Moderate
35.786,10.79,50,3,256,74,6.8,Moderate
35.734,10.883,55,1,365,114,5,Low
35.79,10.741,42,4,63,64,7.8,Moderate
35.704,10.771,84,4,358,43,8,Moderate
35.782,10.767,60,5,48,53,5.1,High
35.742,10.855,65,3,348,96,6.7,Moderate
35.737,10.855,133,1,201,52,8.1,High
35.744,10.834,81,1,59,88,4.6,Moderate
35.779,10.799,85,5,338,100,7.6,High
35.715,10.724,50,3,128,40,7.4,Moderate
35.708,10.721,83,5,308,89,7.8,High
35.729,10.744,100,5,186,25,7.8,High
35.792,10.845,145,4,52,69,5.1,High
35.776,10.824,131,2,93,62,4.3,High
35.716,10.717,139,4,89,87,4.4,High
35.707,10.712,45,3,287,115,4.7,Moderate
35.781,10.81,58,5,138,33,6.8,High
35.783,10.891,127,2,116,97,6.8,High
35.776,10.832,43,2,294,25,7.8,Low
35.732,10.74,36,1,170,98,4.7,Low
35.798,10.732,44,5,214,115,4.6,High
35.7,10.713,53,3,79,105,5.5,Moderate
35.77,10.784,110,5,173,11,7.6,High
35.733,10.83,151,3,349,95,7.4,High
35.706,10.872,32,2,359,119,6.5,Low
35.708,10.809,153,2,44,69,4.8,High
35.727,10.84,124,2,235,58,5.2,High
35.787,10.716,85,3,382,54,5,Moderate
35.722,10.77,53,4,380,43,6.2,Moderate
35.751,10.871,82,1,367,56,7.4,Moderate
35.779,10.782,46,5,31,89,6.5,High
35.792,10.814,156,1,395,65,8,High
35.799,10.817,95,4,132,19,6.2,Moderate
35.704,10.862,76,3,326,37,6,Moderate
35.718,10.859,81,4,126,95,4.3,Moderate
35.785,10.731,21,4,202,22,4,Moderate
35.783,10.836,129,2,66,84,6.5,High
35.728,10.829,107,5,236,104,6.5,High
35.761,10.871,116,4,323,23,5.8,Moderate
35.748,10.793,129,5,124,40,7,High
35.735,10.854,154,2,213,85,5.2,High
35.715,10.798,55,5,342,34,6.3,High
35.736,10.89,72,2,325,56,8.3,Moderate
35.796,10.874,121,2,324,100,7.9,High
35.72,10.865,15,1,238,88,5.5,Low
35.784,10.857,157,5,128,95,8.1,High
35.726,10.834,55,4,184,13,8.6,Moderate
35.775,10.756,112,1,152,69,6,Moderate
35.771,10.763,32,5,63,30,4.2,High
35.745,10.857,112,5,171,117,5.5,High
35.766,10.713,50,2,190,10,5.9,Low
35.718,10.868,99,1,381,20,5.3,Moderate
35.79,10.778,154,1,132,32,6.4,High
35.766,10.846,101,5,354,71,8.9,High
35.789,10.717,141,4,48,88,6.9,High
35.739,10.719,130,1,96,32,5.6,High
35.792,10.868,98,4,270,108,5.6,Moderate
35.735,10.834,136,3,270,62,4.5,High
35.747,10.839,154,2,135,63,6.5,High
35.709,10.885,108,2,291,45,4.3,Moderate
35.791,10.792,143,3,310,57,7,High
35.799,10.877,144,2,378,111,7.3,High
35.703,10.804,42,2,296,106,7.5,Low
35.7,10.89,159,5,132,95,4.7,High
35.706,10.862,64,3,345,58,7.6,Moderate
35.718,10.733,43,1,252,34,5,Low
35.787,10.772,71,1,94,13,5.5,Moderate
35.73,10.798,112,1,333,106,7.7,Moderate
35.77,10.731,28,2,393,94,8.4,Low
35.759,10.704,70,2,245,85,5.1,Low
35.732,10.741,127,3,279,52,4.8,High
35.796,10.858,29,5,292,112,5.5,High
35.789,10.838,41,5,386,63,7.8,High
35.791,10.765,119,1,362,79,6.8,Moderate
35.724,10.841,92,4,133,109,7.7,Moderate
35.761,10.886,45,1,294,10,8.2,Low
35.786,10.731,11,3,130,54,4.3,Moderate
35.796,10.801,108,5,230,71,6.9,High
35.735,10.898,55,3,268,67,4.4,Moderate
35.766,10.729,117,3,281,52,4.2,Moderate
35.764,10.8,70,3,106,103,8.5,Moderate
35.782,10.868,136,5,39,98,7.8,High
35.788,10.879,83,3,89,26,7.7,Moderate
35.767,10.852,18,3,45,47,7.2,Moderate
35.778,10.777,110,1,111,45,6.9,Moderate
35.762,10.755,43,5,161,111,5.5,High
35.797,10.873,136,1,124,65,6.5,High
35.75,10.827,53,5,88,41,4.2,High
35.772,10.754,21,3,218,82,4.1,Moderate
35.727,10.802,26,3,130,52,4.8,Moderate
35.784,10.881,111,1,340,24,6,Moderate
35.793,10.72,156,4,107,30,5.4,High
35.793,10.715,65,1,362,107,8.6,Low
35.738,10.772,30,3,375,113,7,Moderate
35.77,10.81,70,5,353,117,7.1,High
35.764,10.76,114,5,86,59,6.5,High
35.758,10.755,102,5,236,95,7.2,High
35.78,10.789,48,3,232,66,5.1,Moderate
35.751,10.752,14,4,137,68,6.2,Moderate
35.71,10.781,110,2,341,12,6.9,Moderate
35.718,10.755,148,2,141,117,8.6,High
35.743,10.746,59,4,264,87,7.7,Moderate
35.764,10.888,119,1,287,44,4.7,Moderate
35.763,10.747,152,3,99,104,4.4,High
35.755,10.893,146,3,317,103,7.9,High
35.7,10.759,122,2,338,20,4,High
35.733,10.785,40,1,172,67,8.7,Low
35.701,10.848,154,2,30,25,5.8,High
35.75,10.736,135,1,377,32,7,High
35.71,10.758,99,2,379,31,4.2,Moderate
35.719,10.851,15,3,141,106,6.1,Moderate
35.748,10.722,136,5,33,19,5.6,High
35.744,10.896,52,3,228,37,7.1,Moderate
35.728,10.774,123,3,92,73,8.6,High
35.749,10.823,94,3,229,84,4,Moderate
35.752,10.709,120,5,254,74,5,High
35.704,10.763,72,5,302,97,8.4,High
35.702,10.732,96,2,322,101,6.9,Moderate
35.762,10.817,97,1,315,55,8.9,Moderate
35.796,10.775,24,2,86,34,7.8,Low
35.746,10.747,16,5,50,68,8.8,High
35.764,10.748,13,3,37,116,6.9,Moderate
35.792,10.733,11,1,319,116,4.6,Low
35.735,10.778,104,2,303,65,8.8,Moderate
35.72,10.786,22,5,119,68,8.7,High
35.727,10.718,17,2,115,44,7.8,Low
35.789,10.878,12,4,260,112,7.8,Moderate
35.793,10.836,156,4,169,70,7.2,High
35.757,10.831,100,3,34,22,8.9,Moderate
35.725,10.79,117,1,390,88,6.2,Moderate
35.711,10.737,151,4,258,44,5.4,High
35.725,10.852,148,2,391,83,8.6,High
35.77,10.745,59,3,105,99,6.9,Moderate
35.738,10.769,97,1,291,63,4.4,Moderate
35.709,10.875,145,2,113,72,7.9,High
35.762,10.748,93,5,338,72,8.8,High
35.762,10.748,76,2,145,77,6.5,Moderate
35.712,10.822,150,1,211,52,7.5,High
35.705,10.737,52,1,45,18,6,Low
35.712,10.84,47,2,106,30,6.6,Low
35.784,10.849,94,4,194,109,8.7,Moderate
35.785,10.749,75,1,157,55,7.9,Moderate
35.786,10.879,124,1,381,69,5.3,High
35.778,10.743,46,5,339,65,4.7,High
35.773,10.703,154,5,276,109,8.3,High
35.703,10.887,15,3,63,79,8.9,Moderate
35.754,10.883,40,2,116,77,7.3,Low
35.787,10.793,34,1,182,37,4.9,Low
35.794,10.756,124,5,158,44,5.5,High
35.737,10.762,117,1,354,44,6.5,Moderate
35.763,10.724,133,5,191,27,4.5,High
35.765,10.873,45,5,77,26,6.9,High
35.746,10.813,56,1,96,97,4.2,Low
35.776,10.842,78,5,145,33,7.1,High
35.712,10.722,34,3,221,37,5.4,Moderate
35.773,10.801,84,4,125,53,5,Moderate
35.718,10.858,77,4,336,25,5.5,Moderate
35.723,10.803,152,4,338,18,4.6,High
35.759,10.702,99,3,166,69,4.5,Moderate
35.751,10.7,53,4,292,71,4.7,Moderate
35.773,10.838,28,4,282,61,4.7,Moderate
35.714,10.892,70,3,305,34,8.1,Moderate
35.739,10.839,91,4,60,89,5.5,Moderate
35.771,10.802,20,4,341,57,6.5,Moderate
35.755,10.714,86,1,130,33,6.7,Moderate
35.752,10.869,106,2,106,106,5.6,Moderate
35.705,10.776,35,1,399,84,4.5,Low
35.756,10.884,66,5,138,29,7.4,High
35.751,10.802,108,5,71,78,8.5,High
35.712,10.842,96,1,235,84,8.5,Moderate
35.785,10.86,19,5,322,95,4.1,High
35.706,10.818,111,4,88,99,5.6,Moderate
35.732,10.715,120,3,286,96,6.1,Moderate
35.757,10.776,61,1,70,27,7,Low
35.718,10.764,120,5,136,52,4.3,High
35.7,10.777,11,5,292,73,7.9,High
35.77,10.75,135,2,156,113,4.4,High
35.734,10.701,138,4,30,25,8.6,High
35.775,10.739,62,4,66,106,4.5,Moderate
35.796,10.795,154,5,375,100,7.7,High
35.742,10.755,91,4,107,92,5.4,Moderate
35.724,10.848,31,1,161,34,6.7,Low
35.759,10.893,147,3,229,24,7.3,High
35.773,10.712,82,3,238,46,5.6,Moderate
35.703,10.768,50,4,336,50,8.1,Moderate
35.783,10.809,146,2,140,51,5.7,High
35.776,10.73,82,4,296,40,5.5,Moderate
35.763,10.735,152,2,308,96,4.7,High
35.759,10.718,138,5,61,27,7.1,High
35.718,10.891,26,5,173,68,5.3,High
35.783,10.853,24,1,105,46,5.5,Low
35.743,10.82,148,2,74,104,7.9,High
35.785,10.845,79,5,46,73,6.9,High
35.729,10.819,33,4,229,104,7.9,Moderate
35.787,10.712,40,3,239,86,6.7,Moderate
35.743,10.873,83,5,91,66,8.1,High
35.76,10.888,132,5,43,66,4.5,High
35.712,10.851,16,2,263,52,8.5,Low
35.768,10.764,50,1,130,62,6.7,Low
35.721,10.735,12,2,387,43,6.2,Low
35.778,10.774,17,5,252,54,5,High
35.712,10.745,25,5,218,31,8.2,High
35.744,10.749,88,1,280,100,4.1,Moderate
35.738,10.703,99,2,224,58,7,Moderate
35.704,10.875,115,4,385,114,6.5,Moderate
35.794,10.862,100,1,360,112,8.7,Moderate
35.769,10.795,60,1,195,53,8.2,Low
35.751,10.763,72,1,66,43,7.9,Moderate
35.713,10.735,120,3,309,21,5.5,Moderate
35.792,10.892,138,1,307,65,4.8,High
35.796,10.706,79,4,94,90,7.5,Moderate
35.791,10.749,81,3,293,70,8,Moderate
35.798,10.844,45,3,199,32,4.6,Moderate
35.796,10.793,59,3,380,28,4.6,Moderate
35.79,10.759,58,5,372,61,4.7,High
35.771,10.708,55,1,50,52,5.7,Low
35.712,10.827,46,1,291,87,6.7,Low
35.792,10.787,86,5,377,29,6.6,High
35.745,10.706,103,3,352,43,8.7,Moderate
35.793,10.856,107,1,101,119,6.5,Moderate
35.722,10.833,158,1,291,53,6.7,High
35.712,10.85,21,1,184,62,6.7,Low
35.723,10.778,114,4,45,47,8.6,Moderate
35.765,10.889,11,5,179,32,5.2,High
35.772,10.74,131,4,181,42,6.4,High
35.707,10.756,141,1,392,111,7.4,High
35.711,10.753,132,4,310,52,6,High
35.72,10.887,126,2,58,25,7.6,High
35.783,10.755,114,4,134,118,5.1,Moderate
35.757,10.888,28,4,156,112,6.2,Moderate
35.782,10.874,86,1,124,17,6.1,Moderate
35.715,10.802,123,1,36,58,7.1,High
35.791,10.857,99,5,299,20,4.9,High
35.705,10.851,92,1,332,90,6.7,Moderate
35.775,10.803,91,1,70,36,5.3,Moderate
35.74,10.852,18,1,278,88,7.6,Low
35.781,10.724,120,3,248,39,5.6,Moderate
35.735,10.701,154,1,289,99,4.3,High
35.795,10.857,74,2,330,79,5.5,Moderate
35.769,10.872,29,5,154,68,8.3,High
35.755,10.75,151,2,112,97,8.9,High
35.725,10.885,73,2,206,41,5.4,Moderate
35.787,10.822,13,4,137,75,6,Moderate
35.766,10.752,142,2,345,41,5.1,High
35.769,10.79,33,3,252,87,5.6,Moderate
35.717,10.701,82,3,157,75,7.3,Moderate
35.785,10.859,15,3,376,51,8.3,Moderate
35.798,10.758,13,5,225,20,8.1,High
35.776,10.847,25,3,120,73,6.1,Moderate
35.748,10.776,144,1,319,60,4.9,High
35.707,10.749,119,1,113,86,6.2,Moderate
35.755,10.756,68,5,58,103,5.9,High
35.786,10.817,128,1,102,42,7.2,High
35.729,10.852,143,3,64,43,8.7,High
35.747,10.797,84,3,63,77,8.3,Moderate
35.738,10.756,150,1,323,24,8.3,High
35.783,10.766,38,5,185,95,5.9,High
35.734,10.713,71,1,164,26,5.2,Moderate
35.752,10.716,16,2,226,15,4.6,Low
35.798,10.712,59,3,394,48,6.4,Moderate
35.704,10.838,73,1,297,30,8.6,Moderate
35.71,10.71,16,3,132,68,8.7,Moderate
35.7,10.785,139,5,37,30,6.3,High
35.709,10.746,42,5,144,119,6.5,High
35.763,10.864,38,4,222,15,8.2,Moderate
35.746,10.849,77,2,310,89,7.5,Moderate
35.745,10.802,99,2,391,44,4.5,Moderate
35.786,10.876,32,3,188,91,7.9,Moderate
35.745,10.81,145,4,151,80,4.9,High
35.785,10.836,152,2,99,51,6.4,High
35.785,10.794,30,3,282,114,6,Moderate
35.714,10.706,51,1,90,46,7.1,Low
35.712,10.862,128,2,297,15,6,High
35.719,10.768,58,3,275,22,4,Moderate
35.796,10.825,50,4,152,68,6.9,Moderate
35.781,10.852,22,4,213,99,8.1,Moderate
35.703,10.849,155,3,350,18,8.2,High
35.705,10.818,142,2,219,16,6.5,High
35.765,10.838,145,2,313,37,7.7,High
35.7,10.881,46,2,104,44,6.8,Low
35.724,10.757,47,3,388,77,5.3,Moderate
35.741,10.776,106,4,294,33,6.2,Moderate
35.706,10.821,32,1,395,76,6.2,Low
35.737,10.831,37,3,340,56,5.9,Moderate
35.748,10.715,139,4,354,16,8.4,High
35.76,10.716,123,3,230,11,5.5,High
35.7,10.841,20,1,31,86,7.3,Low
35.716,10.865,131,5,337,105,7.8,High
35.786,10.78,59,4,318,104,4.6,Moderate
35.796,10.749,66,4,221,79,7.2,Moderate
35.713,10.826,45,5,118,29,4.5,High
35.795,10.797,103,1,116,22,8.2,Moderate
35.756,10.789,46,2,90,72,5.6,Low
35.769,10.776,20,2,340,45,7,Low
35.705,10.799,139,3,86,31,8,High
35.757,10.873,152,4,310,86,8.2,High
35.792,10.833,154,1,366,119,5.5,High
35.73,10.849,132,2,160,68,6.8,High
35.744,10.873,19,2,102,74,6.1,Low
35.705,10.892,155,5,40,81,6.6,High
35.757,10.747,157,3,321,62,7.6,High
35.779,10.75,73,5,108,92,6.1,High
35.767,10.773,112,3,344,51,6.4,Moderate
35.751,10.768,12,4,230,63,6.9,Moderate
35.702,10.724,118,2,212,34,7.9,Moderate
35.742,10.786,77,3,256,95,7.2,Moderate
35.758,10.857,16,5,371,60,7.5,High
35.765,10.743,62,1,239,76,5.9,Low
35.729,10.735,159,4,382,88,6.8,High
35.734,10.825,86,1,328,38,5.1,Moderate
35.798,10.85,131,5,283,25,8.8,High
35.776,10.828,27,4,161,81,4.1,Moderate
35.725,10.867,122,1,173,18,5.8,High
35.768,10.808,113,5,336,65,6.2,High
35.717,10.726,83,2,153,71,6.8,Moderate
35.769,10.804,82,3,364,46,5.1,Moderate
35.791,10.814,100,3,137,113,4.7,Moderate
35.782,10.852,19,4,82,28,8.5,Moderate
35.738,10.808,15,3,258,52,7.1,Moderate
35.752,10.762,132,5,288,58,4.6,High
35.775,10.851,61,2,237,54,5.5,Low
35.748,10.75,83,5,330,23,7,High
35.737,10.79,22,1,305,22,6.3,Low
35.702,10.759,29,3,110,42,6,Moderate
35.729,10.885,155,2,377,102,4.4,High
35.773,10.878,131,5,144,79,5.2,High
35.759,10.742,128,5,43,22,4.3,High
35.791,10.766,159,2,319,55,7.5,High
35.711,10.782,143,1,322,46,4.7,High
35.749,10.774,152,5,58,100,7.7,High
35.766,10.749,31,3,118,111,7,Moderate
35.702,10.766,12,1,155,55,4.9,Low
35.714,10.85,34,1,364,109,4.5,Low
35.765,10.776,40,5,88,92,6.1,High
35.783,10.849,60,3,220,69,7,Moderate
35.776,10.831,55,3,331,102,7.4,Moderate
35.776,10.836,40,3,146,24,4.5,Moderate
35.774,10.801,74,5,99,36,4.6,High
35.761,10.829,80,5,107,52,6.2,High
35.775,10.768,157,2,81,59,5.2,High
35.773,10.862,52,4,358,10,7.6,Moderate
35.738,10.894,81,1,398,98,6.4,Moderate
35.747,10.737,13,5,287,23,8.5,High
35.7,10.805,158,3,105,67,7.3,High
35.722,10.875,153,3,365,112,8.5,High
35.784,10.859,29,2,212,75,6.4,Low
35.792,10.79,34,2,65,91,8.4,Low
35.711,10.781,132,1,44,70,8.2,High
35.769,10.873,17,5,266,66,8.1,High
35.765,10.859,146,5,194,25,8.6,High
35.704,10.841,110,2,241,58,8.6,Moderate
35.704,10.763,55,5,49,100,8,High
35.791,10.85,138,3,259,76,8.8,High
35.763,10.891,56,4,32,99,7.6,Moderate
35.725,10.871,108,1,371,40,7.1,Moderate
35.732,10.759,155,4,315,19,8.5,High
35.72,10.835,89,5,63,83,6.8,High
35.764,10.756,137,2,89,25,4.4,High
35.796,10.816,52,1,72,41,5,Low
35.725,10.84,15,1,143,111,6.3,Low
35.788,10.76,139,2,199,36,5.9,High
35.733,10.731,121,5,37,93,8.8,High
35.711,10.711,99,2,222,76,6.9,Moderate
35.752,10.824,53,4,352,15,5,Moderate
35.738,10.759,156,1,178,42,5.1,High
35.752,10.798,84,3,397,57,7.7,Moderate
35.729,10.876,44,2,351,33,5.6,Low
35.739,10.878,113,5,390,69,4,High
35.73,10.845,130,5,315,39,6.6,High
35.748,10.89,69,1,334,45,8.4,Low
35.754,10.84,80,3,269,52,5.2,Moderate
35.733,10.743,24,4,33,23,4.6,Moderate
35.785,10.74,94,4,271,101,4.2,Moderate
35.729,10.877,35,3,265,25,5.8,Moderate
35.735,10.863,79,4,61,21,5.1,Moderate
35.74,10.851,54,5,329,26,7.7,High
35.768,10.885,11,4,58,111,5.4,Moderate
35.785,10.815,23,5,84,115,8.1,High
35.773,10.737,58,1,218,79,4.8,Low
35.705,10.804,56,2,48,80,4.1,Low
35.712,10.711,35,1,146,48,6.2,Low
35.701,10.839,128,4,335,18,8.9,High
35.793,10.733,20,4,235,109,7.1,Moderate
35.751,10.708,32,3,138,29,6.5,Moderate
35.732,10.706,74,5,340,32,4.4,High
35.753,10.78,85,3,285,71,5.9,Moderate
35.795,10.701,11,2,319,34,8.3,Low
35.713,10.756,65,5,342,93,6.1,High
35.783,10.826,156,3,350,76,8.1,High
35.718,10.721,51,4,256,117,8.5,Moderate
35.772,10.822,64,1,390,101,7.8,Low
35.782,10.8,60,4,51,17,8.5,Moderate
35.781,10.858,117,2,345,37,7.9,Moderate
35.782,10.83,127,3,379,16,8,High
35.723,10.749,103,1,367,37,6.8,Moderate
35.733,10.821,28,5,271,64,5.7,High
35.733,10.71,14,2,248,80,4.4,Low
35.722,10.807,89,3,368,53,6.8,Moderate
35.768,10.891,50,3,266,48,5.5,Moderate
35.782,10.804,40,2,244,41,7,Low
35.765,10.877,28,1,124,31,7.6,Low
35.722,10.884,53,5,137,65,4,High
35.717,10.888,149,2,183,62,4.7,High
35.708,10.877,64,2,170,24,8.5,Low
35.708,10.879,65,1,351,35,5.8,Low
35.736,10.713,86,1,194,104,6.1,Moderate
35.754,10.83,133,5,148,58,7.7,High
35.757,10.701,49,5,318,82,5.5,High
35.771,10.825,59,2,36,12,7.6,Low
35.733,10.761,124,1,300,96,8.1,High
35.725,10.821,156,4,228,106,6.7,High
35.796,10.709,18,5,154,29,4.3,High
35.723,10.722,129,3,318,49,7.6,High
35.797,10.736,140,2,314,26,5.6,High
35.711,10.806,75,4,330,37,7.6,Moderate
35.757,10.795,91,4,373,96,8.4,Moderate
35.78,10.733,135,2,213,112,7,High
35.76,10.713,129,3,168,56,5.5,High
35.795,10.776,13,3,146,18,8.5,Moderate
35.745,10.78,122,2,129,50,8,High
35.74,10.856,22,4,157,71,5.7,Moderate
35.759,10.718,141,2,134,116,5.3,High
35.796,10.829,75,1,177,49,6.7,Moderate
35.733,10.786,44,1,250,102,7.6,Low
35.768,10.801,33,1,118,17,4.6,Low
35.725,10.752,120,2,311,69,6.1,Moderate
35.786,10.868,54,4,383,53,8.8,Moderate
35.756,10.718,127,1,208,32,8.1,High
35.717,10.895,90,3,391,46,5.3,Moderate
35.719,10.706,15,4,377,16,7.4,Moderate
35.741,10.705,116,3,251,11,4.6,Moderate
35.75,10.81,62,5,271,65,6.5,High
35.71,10.896,64,5,183,35,4.7,High
35.707,10.778,149,5,107,40,6.8,High
35.712,10.882,149,2,92,71,4.1,High
35.732,10.893,93,4,281,115,8.4,Moderate
35.789,10.801,68,5,178,104,6.6,High
35.705,10.713,151,5,50,15,5.2,High
35.777,10.8,67,3,104,105,5.4,Moderate
35.769,10.756,46,3,34,46,8.4,Moderate
35.775,10.874,129,2,390,46,8.2,High
35.717,10.827,62,5,261,104,8.7,High
35.718,10.793,58,4,304,105,5.9,Moderate
35.742,10.742,41,2,199,42,8.1,Low
35.703,10.844,72,1,361,66,5.4,Moderate
35.711,10.734,87,5,343,67,4.3,High
35.727,10.777,14,2,122,57,7.5,Low
35.787,10.714,145,1,132,39,4.7,High
35.79,10.808,101,2,137,33,5.5,Moderate
35.798,10.769,81,5,357,76,6.3,High
35.769,10.734,102,2,303,94,5.9,Moderate
35.746,10.864,45,3,254,26,5.1,Moderate
35.78,10.715,155,4,75,62,8.9,High
35.743,10.858,138,4,245,117,6.8,High
35.716,10.731,41,3,204,42,5.5,Moderate
35.759,10.727,28,1,382,35,7.3,Low
35.743,10.897,59,1,299,77,7.9,Low
35.782,10.717,63,3,266,95,4.9,Moderate
35.726,10.748,72,5,126,67,5,High
35.713,10.887,127,3,205,98,8.5,High
35.721,10.857,81,2,155,17,4.2,Moderate
35.76,10.791,61,3,235,103,8.9,Moderate
35.772,10.709,147,3,121,111,4.7,High
35.795,10.785,27,5,118,60,7.6,High
35.747,10.866,52,4,182,117,6,Moderate
35.785,10.836,153,1,208,34,8.4,High
35.748,10.737,66,1,68,108,6.6,Low
35.719,10.714,50,2,346,98,8.9,Low
35.736,10.755,159,2,100,113,5.2,High
35.755,10.706,100,4,101,87,7.6,Moderate
35.705,10.83,156,1,174,57,4.5,High
35.756,10.75,17,2,193,91,7,Low
35.73,10.858,121,5,48,117,4,High
35.79,10.865,38,5,153,15,7.1,High
35.798,10.898,16,5,337,77,7.5,High
35.751,10.795,152,2,358,89,7.9,High
35.792,10.898,25,3,109,92,8.2,Moderate
35.739,10.807,70,2,391,22,5.1,Low
35.746,10.712,100,3,241,15,8.8,Moderate
35.764,10.86,21,4,152,10,4.2,Moderate
35.753,10.822,107,3,88,46,5.1,Moderate
35.734,10.81,91,2,192,35,8.1,Moderate
35.767,10.868,151,5,107,25,8.6,High
35.794,10.728,69,3,207,13,4.1,Moderate
35.716,10.735,109,3,211,51,8.7,Moderate
35.74,10.889,120,2,153,55,7.4,Moderate
35.752,10.863,150,3,378,24,5.3,High
35.721,10.754,55,1,210,50,7.2,Low
35.771,10.822,99,2,200,70,6.9,Moderate
35.712,10.8,118,5,346,29,7.3,High
35.717,10.756,22,2,374,38,5.5,Low
35.717,10.847,114,5,385,50,7.9,High
35.728,10.823,31,1,153,113,7.1,Low
35.758,10.81,109,1,235,13,7.8,Moderate
35.756,10.783,140,4,260,24,7.8,High
35.724,10.809,17,2,360,31,8.8,Low
35.724,10.766,64,2,197,48,7.2,Low
35.718,10.855,149,3,54,107,6.1,High
35.731,10.716,143,5,105,51,4.9,High
35.785,10.738,151,4,115,104,5,High
35.704,10.83,15,1,50,89,5.4,Low
35.765,10.894,30,2,59,30,4,Low
35.733,10.735,12,4,328,63,7.7,Moderate
35.729,10.725,136,4,348,106,4.9,High
35.766,10.8,23,1,92,83,4.1,Low
35.7,10.796,39,3,318,13,4.7,Moderate
35.706,10.876,10,5,395,115,4.9,High
35.74,10.765,82,4,55,85,5.3,Moderate
35.725,10.736,75,2,135,35,5.7,Moderate
35.782,10.878,50,1,159,34,7.2,Low
35.792,10.838,154,2,123,91,5.9,High
35.754,10.785,19,3,147,28,4.2,Moderate
35.716,10.812,87,5,374,52,6.3,High
35.759,10.732,110,3,366,15,7.6,Moderate
35.767,10.876,158,5,138,75,5.9,High
35.776,10.831,57,5,370,60,4,High
35.755,10.774,118,3,361,63,8.9,Moderate
35.773,10.713,37,4,120,106,6.1,Moderate
35.748,10.847,145,3,251,12,7.4,High
35.76,10.886,111,4,82,115,6.3,Moderate
35.739,10.779,69,4,126,99,5.2,Moderate
35.721,10.825,112,2,148,98,8.2,Moderate
35.786,10.745,47,2,162,21,5.6,Low
35.716,10.861,58,3,208,28,5.4,Moderate
35.758,10.75,59,5,248,33,6.2,High
35.711,10.757,157,4,132,84,8,High
35.701,10.885,28,5,399,73,6.7,High
35.783,10.881,83,4,67,54,4.2,Moderate
35.721,10.74,71,3,142,119,5.9,Moderate
35.755,10.888,31,2,207,15,8,Low
35.745,10.717,127,1,41,92,8.9,High
35.744,10.713,103,1,353,83,5.2,Moderate
35.778,10.836,87,3,132,57,5.1,Moderate
35.711,10.811,29,2,161,51,5.3,Low
35.752,10.776,23,5,38,77,7.1,High
35.72,10.772,72,2,163,63,7.5,Moderate
35.78,10.797,155,3,41,47,7.5,High
35.774,10.81,92,3,352,24,7.1,Moderate
35.768,10.868,90,5,296,86,5.1,High
35.788,10.797,72,4,263,20,4.6,Moderate
35.75,10.898,109,1,97,68,4.3,Moderate
35.779,10.731,147,3,167,40,7.8,High
35.738,10.843,59,1,92,75,5.3,Low
35.758,10.789,56,4,67,15,8.1,Moderate
35.701,10.72,96,4,321,70,8.8,Moderate
35.754,10.855,52,1,68,92,5.2,Low
35.755,10.841,50,4,197,58,7.4,Moderate
35.728,10.823,90,5,81,98,5.6,High
35.756,10.895,123,5,49,103,6.4,High
35.712,10.804,49,4,330,118,7.2,Moderate
35.702,10.806,94,3,354,113,4.7,Moderate
35.755,10.764,27,1,240,81,6.1,Low
35.779,10.735,26,4,102,108,7.7,Moderate
35.782,10.832,67,4,108,82,6.8,Moderate
35.779,10.717,82,5,186,80,4.4,High
35.769,10.738,140,5,42,15,5.1,High
35.73,10.792,54,5,74,16,6.1,High
35.704,10.869,125,1,374,67,7,High
35.768,10.761,131,1,348,42,4.3,High
35.719,10.736,140,3,281,40,8.6,High
35.797,10.82,87,2,77,40,6.5,Moderate
35.713,10.759,58,2,117,21,7.2,Low
35.769,10.781,92,4,119,93,5.7,Moderate
35.739,10.829,50,1,117,44,7.2,Low
35.773,10.896,17,2,365,50,6.9,Low
35.775,10.759,92,3,233,43,6.4,Moderate
35.764,10.872,108,4,104,54,8.3,Moderate
35.704,10.876,75,5,380,81,7.6,High
35.775,10.82,26,3,368,99,7.8,Moderate
35.704,10.834,124,5,206,64,5.3,High
35.736,10.814,54,5,265,45,8.9,High
35.701,10.883,109,5,34,88,5.5,High
35.771,10.735,28,1,269,94,6.3,Low
35.743,10.837,42,3,98,112,8.6,Moderate
35.721,10.887,61,2,233,107,4.7,Low
35.757,10.899,131,5,371,111,8.4,High
35.739,10.873,34,5,55,119,7.4,High
35.737,10.847,20,3,116,48,7.4,Moderate
35.71,10.789,114,3,72,103,4.7,Moderate
35.793,10.822,22,5,215,33,4.6,High
35.705,10.755,98,5,52,14,6.6,High
35.799,10.733,27,2,188,30,6.8,Low
35.74,10.749,151,5,317,99,5.8,High
35.778,10.807,158,3,316,13,7.7,High
35.715,10.774,37,4,40,68,7.8,Moderate
35.719,10.867,125,5,113,67,8.1,High
35.755,10.727,52,2,214,107,5.4,Low
35.774,10.764,28,1,95,59,5,Low
35.701,10.759,44,1,169,36,7.3,Low
35.78,10.825,44,4,282,21,7.6,Moderate
35.728,10.736,73,5,56,60,4.7,High
35.743,10.858,149,4,257,61,5.9,High
35.701,10.721,53,2,354,80,8.7,Low
35.717,10.872,104,4,41,26,6.6,Moderate
35.784,10.895,71,3,81,14,5.3,Moderate
35.767,10.72,61,1,44,101,4.2,Low
35.72,10.754,58,5,199,44,4,High
35.742,10.832,135,1,138,44,5.4,High
35.721,10.894,74,2,100,116,5,Moderate
35.712,10.833,77,5,236,109,5.4,High
35.723,10.848,30,1,155,108,7.8,Low
35.724,10.871,45,3,73,49,4.1,Moderate
35.75,10.887,71,2,380,104,5.6,Moderate
35.757,10.819,22,2,189,86,4.7,Low
35.735,10.829,28,4,162,46,6.5,Moderate
35.729,10.844,18,1,318,117,7,Low
35.795,10.753,49,3,90,95,5.7,Moderate
35.787,10.826,78,3,226,10,8.7,Moderate
35.763,10.72,143,2,362,37,7.7,High
35.723,10.888,57,3,43,56,5.6,Moderate
35.778,10.803,79,4,183,82,8.2,Moderate
35.79,10.749,126,1,329,95,4.6,High
35.737,10.871,84,3,75,101,8.9,Moderate
35.713,10.791,39,4,152,13,7.3,Moderate
35.712,10.843,17,5,237,50,6.2,High
35.774,10.733,15,3,275,43,7.7,Moderate
35.779,10.728,20,1,300,32,6.2,Low
35.795,10.733,61,1,243,118,4.5,Low
35.748,10.723,157,4,132,98,7,High
35.794,10.888,19,2,245,10,4.2,Low
35.703,10.781,22,5,159,62,6.8,High
35.768,10.886,16,1,154,105,6.9,Low
35.725,10.806,59,3,82,63,4.6,Moderate
35.797,10.736,46,1,102,83,5.2,Low
35.791,10.744,98,5,250,27,5.6,High
35.786,10.89,130,1,173,105,5.2,High
35.787,10.792,119,2,392,60,8.8,Moderate
35.766,10.814,33,3,42,105,6.8,Moderate
35.756,10.887,158,4,256,73,7.6,High
35.719,10.757,122,1,282,18,8,High
35.779,10.789,110,2,130,64,8.8,Moderate
35.757,10.778,147,4,351,74,6.3,High
35.781,10.849,97,3,389,39,8.2,Moderate
35.764,10.869,89,4,260,12,4.3,Moderate
35.757,10.798,33,1,158,112,7.7,Low
35.723,10.715,97,3,153,59,8.4,Moderate
35.737,10.769,46,3,141,16,5,Moderate
35.743,10.851,85,3,65,17,8.5,Moderate
35.715,10.855,95,5,100,33,7.9,High
35.738,10.797,94,3,263,82,7.3,Moderate
35.735,10.818,72,2,347,22,4.1,Moderate
35.773,10.73,10,5,144,89,4.2,High
35.763,10.767,76,4,141,110,6.6,Moderate
35.745,10.86,20,3,322,58,5.6,Moderate
35.714,10.755,148,4,335,15,4.6,High
35.726,10.869,107,3,230,20,7.7,Moderate
35.765,10.805,18,3,337,51,6.6,Moderate
35.779,10.778,90,1,170,44,7.6,Moderate
35.727,10.853,42,3,59,103,6.4,Moderate
35.768,10.816,130,2,319,87,6.6,High
35.797,10.743,26,1,51,99,7,Low
35.747,10.811,62,3,258,62,7.3,Moderate
35.798,10.839,44,1,235,49,5,Low
35.775,10.877,111,1,210,108,8.9,Moderate
35.733,10.891,85,3,384,84,8.9,Moderate
35.765,10.703,73,5,266,116,4.5,High
35.749,10.806,97,5,248,19,5.6,High
35.701,10.719,91,1,356,109,7,Moderate
35.788,10.847,101,4,390,35,4.7,Moderate
35.798,10.735,61,5,398,85,5.8,High
35.714,10.851,38,2,384,66,8.8,Low
35.732,10.85,59,3,213,119,7.5,Moderate
35.796,10.769,84,4,180,38,4.2,Moderate
35.779,10.762,118,4,238,102,4.2,Moderate
35.709,10.882,135,3,101,102,8.8,High
35.796,10.832,11,4,155,33,7.2,Moderate
35.707,10.777,86,1,373,109,7.4,Moderate
35.745,10.802,27,3,69,25,8.5,Moderate
35.731,10.728,121,5,32,82,4.2,High
35.733,10.896,101,4,312,31,4.8,Moderate
35.733,10.844,53,4,73,85,7.5,Moderate
35.701,10.806,16,4,85,31,6.5,Moderate
35.753,10.785,20,5,95,86,5.7,High
35.735,10.731,108,2,79,40,7.8,Moderate
35.752,10.877,152,2,280,36,6.8,High
35.79,10.817,32,3,170,108,6.1,Moderate
35.749,10.714,47,1,379,17,6.6,Low
35.781,10.8,125,4,102,51,4.1,High
35.704,10.837,21,2,99,59,5.9,Low
35.718,10.744,145,4,217,78,6,High
35.745,10.795,36,3,105,70,7.5,Moderate
35.735,10.728,42,1,329,111,6.5,Low
35.704,10.752,70,4,287,83,7.4,Moderate
35.703,10.755,98,1,289,107,8.7,Moderate
35.725,10.761,96,2,261,27,5.3,Moderate
35.722,10.819,81,5,201,101,5.6,High
35.792,10.745,140,1,120,23,4.9,High
35.753,10.749,49,4,219,51,6,Moderate
35.782,10.778,119,5,379,12,7,High
35.722,10.73,153,3,170,35,6.6,High
35.746,10.75,18,1,358,51,7.9,Low
35.772,10.739,157,2,112,98,7.2,High
35.777,10.839,41,5,158,98,6.2,High
35.762,10.88,60,1,283,61,4.9,Low
35.786,10.821,45,3,229,51,6.3,Moderate
35.746,10.822,65,2,75,35,7.2,Low
35.769,10.784,155,4,46,97,5.6,High
35.707,10.759,77,2,31,20,5.2,Moderate
35.773,10.726,75,1,244,30,8.1,Moderate
35.742,10.73,28,1,329,55,8.1,Low
35.74,10.796,109,1,115,49,7.7,Moderate
35.792,10.709,60,1,129,66,5.1,Low
35.775,10.7,15,2,238,108,4.7,Low
35.777,10.793,82,1,379,23,4.7,Moderate
35.744,10.822,27,1,376,16,8.5,Low
35.779,10.824,146,4,139,12,6.2,High
35.785,10.865,146,4,368,106,7.8,High
35.773,10.813,142,2,264,20,7.1,High
35.766,10.885,114,2,118,97,7.4,Moderate
35.767,10.772,12,1,272,33,8,Low
35.736,10.7,31,5,164,108,7.5,High
35.786,10.798,53,4,197,83,5,Moderate
35.718,10.778,109,5,101,21,4.5,High
35.795,10.857,91,1,82,74,6.1,Moderate
35.776,10.855,57,2,167,81,6.5,Low
35.755,10.806,15,1,297,101,8.1,Low
35.767,10.804,40,2,149,117,8.7,Low
35.75,10.705,75,1,167,49,4.6,Moderate
35.745,10.816,52,1,330,93,7.6,Low
35.746,10.826,114,4,53,95,8.8,Moderate
35.737,10.809,159,3,225,49,6.7,High
35.769,10.715,86,2,102,28,5,Moderate
35.768,10.851,49,3,101,95,5.5,Moderate
35.751,10.873,47,1,159,100,5.6,Low
35.721,10.877,14,2,104,11,5.5,Low
35.789,10.776,44,5,386,23,6.8,High
35.705,10.784,102,5,363,53,6,High
35.771,10.785,157,3,35,105,4.9,High
35.749,10.706,46,4,117,30,6.1,Moderate
35.73,10.894,117,5,171,31,5.7,High
35.749,10.885,21,1,321,21,6.5,Low
35.714,10.738,134,2,276,34,4.4,High
35.767,10.784,41,2,144,114,5.9,Low
35.788,10.853,110,4,159,27,7.7,Moderate
35.78,10.83,120,5,236,26,4.3,High
35.787,10.804,77,3,326,60,8.9,Moderate
35.71,10.753,40,4,392,75,5.3,Moderate
35.799,10.763,158,3,191,29,7.7,High
35.765,10.831,142,5,123,44,8,High
35.743,10.791,24,5,32,62,7,High
35.762,10.81,112,3,333,38,8,Moderate
35.761,10.814,85,2,316,105,7.6,Moderate
35.713,10.769,64,4,249,34,6.9,Moderate
35.722,10.759,76,2,214,14,7.8,Moderate
35.739,10.826,65,3,135,52,6.1,Moderate
35.728,10.821,99,2,379,44,4.6,Moderate
35.719,10.77,124,3,307,13,8.6,High
35.793,10.8,64,2,350,83,4.1,Low
35.703,10.867,113,5,53,104,8,High
35.799,10.718,91,4,59,83,4.4,Moderate
35.79,10.799,49,5,391,101,6.2,High
35.762,10.765,155,4,339,21,5.6,High
35.79,10.702,13,4,342,54,6.5,Moderate
35.798,10.746,140,3,172,73,5.4,High
35.742,10.782,69,5,300,59,5.6,High
35.794,10.801,14,5,154,34,6.1,High
35.782,10.747,142,3,199,69,4.1,High
35.738,10.748,104,3,107,62,7.5,Moderate
35.717,10.786,55,2,117,46,8,Low
35.747,10.735,136,1,78,87,4.5,High
35.793,10.857,133,5,204,103,5.1,High
35.738,10.735,127,5,369,52,8.1,High
35.715,10.715,18,5,345,88,6.5,High
35.731,10.802,36,1,373,78,8.3,Low
35.795,10.741,46,2,197,64,4.6,Low
35.72,10.771,130,5,382,39,8.8,High
35.741,10.72,100,1,185,101,8.7,Moderate
35.792,10.743,12,3,78,10,5.5,Moderate
35.751,10.839,65,2,186,110,4.2,Low
35.706,10.759,53,3,117,36,8.1,Moderate
35.72,10.736,24,2,235,62,5.2,Low
35.732,10.877,140,5,63,89,5.8,High
35.783,10.871,37,3,134,30,6.7,Moderate
35.762,10.817,72,4,298,56,4,Moderate
35.765,10.701,129,4,203,95,8.6,High
35.758,10.72,119,1,116,100,8.1,Moderate
35.783,10.836,23,5,93,61,7.6,High
35.794,10.887,121,5,387,23,6.4,High
35.781,10.834,88,1,142,31,5.1,Moderate
35.747,10.856,15,1,373,74,6.5,Low
35.796,10.739,89,4,97,63,6.1,Moderate
35.753,10.751,50,2,319,80,7,Low
35.721,10.782,22,5,292,19,5.9,High
35.78,10.818,13,5,228,22,7.3,High
35.761,10.752,94,2,327,25,7.8,Moderate
35.799,10.855,89,2,100,115,4.9,Moderate
35.709,10.848,93,2,365,111,6.7,Moderate
35.748,10.714,56,1,201,62,5.9,Low
35.741,10.791,67,5,310,24,6.6,High
35.732,10.793,46,1,34,115,5.9,Low
35.749,10.881,93,1,368,14,8,Moderate
35.792,10.776,101,1,31,110,7.3,Moderate
35.74,10.738,93,4,94,60,7.2,Moderate
35.737,10.849,14,1,269,39,8.8,Low
35.713,10.779,135,1,228,78,8,High
35.776,10.79,27,4,101,34,5.6,Moderate
35.705,10.727,37,2,149,29,8.3,Low
35.724,10.792,109,2,295,92,4.8,Moderate
35.727,10.707,83,3,205,99,7.8,Moderate
35.744,10.755,141,5,203,65,4.1,High
35.718,10.849,23,3,384,43,4.1,Moderate
35.735,10.791,138,5,391,43,4.2,High
35.743,10.876,158,3,226,86,8.6,High
35.755,10.72,147,5,308,73,8.9,High
35.764,10.747,102,5,290,34,5.6,High
35.775,10.784,90,3,224,65,8.9,Moderate
35.7,10.845,118,2,81,51,7.9,Moderate
35.796,10.805,55,4,89,104,6.7,Moderate
35.733,10.825,35,2,349,52,4.9,Low
35.761,10.775,133,4,248,69,4.9,High
35.772,10.731,54,3,208,96,8.7,Moderate
35.76,10.755,63,2,166,114,6.2,Low
35.76,10.862,84,3,181,65,7.4,Moderate
35.701,10.75,86,5,90,39,5.3,High
35.778,10.873,53,4,117,96,6.2,Moderate
35.745,10.711,142,1,357,60,5.1,High
35.765,10.819,70,4,381,16,8.8,Moderate
35.744,10.788,55,3,306,112,4,Moderate
35.784,10.843,150,1,129,95,5.2,High
35.784,10.756,56,1,139,26,4.4,Low
35.795,10.785,34,2,398,32,7.5,Low
35.707,10.768,132,5,336,53,4.6,High
35.769,10.773,19,5,113,68,6.7,High
35.755,10.711,111,2,370,119,6,Moderate
35.737,10.822,21,1,399,71,7.2,Low
35.769,10.897,61,3,256,32,6.2,Moderate
35.782,10.738,38,3,102,54,4.3,Moderate
35.738,10.859,77,2,384,10,8.4,Moderate
35.751,10.745,33,3,46,114,5.1,Moderate
35.709,10.768,97,3,61,45,5.4,Moderate
35.774,10.801,115,1,205,115,7.2,Moderate
35.783,10.709,34,5,69,20,7.3,High
35.796,10.731,121,4,263,52,5.9,High
35.797,10.763,19,2,32,44,7.5,Low
35.757,10.703,136,1,368,103,6.1,High
35.741,10.701,28,5,194,80,8.8,High
35.775,10.803,147,1,139,73,6.8,High
35.799,10.865,34,2,237,75,5.7,Low
35.755,10.84,33,3,178,77,8,Moderate
35.748,10.845,18,5,374,30,6.3,High
35.735,10.81,139,2,388,38,5.7,High
35.726,10.78,146,1,175,73,5,High
35.748,10.81,24,1,262,87,8.6,Low
35.734,10.796,24,5,195,33,8.2,High
35.776,10.802,110,2,244,17,8,Moderate
35.762,10.736,145,3,201,112,8.6,High
35.759,10.712,65,2,349,27,5,Low
35.706,10.763,13,1,184,110,4.6,Low
35.703,10.771,129,2,116,69,6.7,High
35.776,10.879,115,1,65,107,5.9,Moderate
35.721,10.877,113,4,83,35,5,Moderate
35.727,10.79,68,5,325,24,7.4,High
35.743,10.879,62,1,30,101,7.9,Low
35.754,10.858,31,1,219,53,7.4,Low
35.754,10.848,19,2,364,35,5.4,Low
35.703,10.81,101,5,174,12,5,High
35.763,10.831,16,4,88,19,8,Moderate
35.795,10.747,49,5,43,13,5.2,High
35.714,10.801,44,5,390,61,6,High
35.798,10.899,23,3,288,92,4.5,Moderate
35.716,10.816,45,2,311,21,6.2,Low
35.725,10.711,35,3,204,11,5.9,Moderate
35.755,10.771,130,3,332,119,8.4,High
35.727,10.842,103,1,393,21,7.9,Moderate
35.756,10.712,103,5,34,112,4.3,High
35.713,10.752,22,1,329,86,6.7,Low
35.738,10.784,15,5,343,70,7.7,High
35.798,10.869,126,3,71,54,5.4,High
35.733,10.837,139,2,131,21,6.1,High
35.79,10.843,103,2,144,27,5.9,Moderate
35.777,10.848,105,1,329,25,7.5,Moderate

